212;"NAAPTitleBar"
211;"NAAPTitleBar_backgroundSkin"
185;"fl.controls.CheckBox"
184;"CheckBox_selectedDisabledIcon"
182;"CheckBox_selectedDownIcon"
181;"CheckBox_selectedOverIcon"
180;"CheckBox_selectedUpIcon"
177;"CheckBox_disabledIcon"
175;"CheckBox_downIcon"
173;"CheckBox_overIcon"
171;"CheckBox_upIcon"
169;"fl.controls.RadioButton"
168;"RadioButton_selectedDisabledIcon"
167;"RadioButton_selectedDownIcon"
166;"RadioButton_selectedOverIcon"
165;"RadioButton_selectedUpIcon"
161;"RadioButton_disabledIcon"
159;"RadioButton_downIcon"
157;"RadioButton_overIcon"
155;"RadioButton_upIcon"
153;"ProtoSimpleSlider"
146;"fl.controls.Button"
145;"Button_upSkin"
143;"Button_selectedUpSkin"
141;"Button_selectedOverSkin"
139;"Button_selectedDownSkin"
137;"Button_selectedDisabledSkin"
135;"Button_overSkin"
133;"Button_emphasizedSkin"
131;"Button_downSkin"
129;"Button_disabledSkin"
127;"ProtoSimpleSliderRunSpeed"
122;"fl.controls.ComboBox"
121;"ComboBox_downSkin"
119;"ComboBox_overSkin"
117;"ComboBox_disabledSkin"
115;"ComboBox_upSkin"
113;"fl.controls.TextInput"
112;"TextInput_upSkin"
110;"TextInput_disabledSkin"
108;"fl.controls.List"
107;"fl.controls.ScrollBar"
106;"ScrollBar_thumbIcon"
104;"ScrollArrowUp_disabledSkin"
102;"ScrollArrowDown_disabledSkin"
100;"ScrollArrowDown_upSkin"
98;"ScrollThumb_upSkin"
96;"ScrollArrowUp_upSkin"
94;"ScrollArrowUp_overSkin"
92;"ScrollThumb_overSkin"
90;"ScrollArrowDown_overSkin"
88;"ScrollThumb_downSkin"
86;"ScrollArrowDown_downSkin"
84;"ScrollArrowUp_downSkin"
80;"ScrollTrack_skin"
78;"focusRectSkin"
76;"fl.controls.listClasses.CellRenderer"
75;"CellRenderer_selectedUpSkin"
73;"CellRenderer_selectedOverSkin"
71;"CellRenderer_selectedDownSkin"
69;"CellRenderer_selectedDisabledSkin"
67;"CellRenderer_overSkin"
65;"CellRenderer_downSkin"
63;"CellRenderer_disabledSkin"
61;"CellRenderer_upSkin"
59;"List_skin"
57;"fl.core.ComponentShim"
54;"SHZDiagramZoneArrow"
52;"Loading"
47;"Veil"
46;"SHZHRDiagram"
38;"SHZDiagramPlanet"
27;"SHZTimelineCursor"
25;"EmbeddedFonts"
21;"Help"
18;"About"
8;"NAAPDialogWindow_closeButtonIcon"
6;"NAAPDialogWindow_titleBarSkin"
4;"NAAPDialogWindow_closeButtonSkin"
2;"NAAP_focusRectSkin"
0;"stellarHabitableZone004_fla.MainTimeline"
